Date,White1,White2,White3,White4,White5,Powerball
2010-02-03,17,22,36,37,52,24
2010-02-06,14,22,52,54,59,4
2010-02-10,5,8,29,37,38,34
2010-02-13,10,14,30,40,51,1
2010-02-17,7,8,19,26,36,15
2010-02-20,13,27,37,41,54,32
2010-02-24,4,17,35,50,57,12
2010-02-27,18,47,51,53,58,30
2010-03-03,7,9,14,45,49,23
2010-03-06,10,29,33,41,59,15
2010-03-10,17,21,37,41,50,1
2010-03-13,6,16,20,31,36,8
2010-03-17,24,26,45,48,55,8
2010-03-20,9,36,39,44,45,9
2010-03-24,14,20,24,39,49,7
2010-03-27,7,21,32,44,52,10
2010-03-31,5,13,17,45,54,12
2010-04-03,10,15,31,52,59,4
2010-04-07,4,36,40,44,52,33
2010-04-10,21,22,49,52,58,34
2010-04-14,6,14,32,38,52,20
2010-04-17,5,21,22,41,49,15
2010-04-21,11,34,41,49,55,20
2010-04-24,1,12,53,56,57,5
2010-04-28,12,22,25,28,44,24
2010-05-01,16,23,25,49,58,20
2010-05-05,13,34,40,47,57,11
2010-05-08,5,22,34,41,57,31
2010-05-12,37,51,52,53,58,38
2010-05-15,15,21,23,28,36,20
2010-05-19,2,7,29,55,58,27
2010-05-22,19,20,40,47,57,29
2010-05-26,1,6,10,13,20,32
2010-05-29,1,3,24,28,41,10
2010-06-02,4,9,14,39,43,38
2010-06-05,18,34,40,48,59,25
2010-06-09,14,22,27,32,49,5
2010-06-12,9,12,13,35,38,30
2010-06-16,8,11,18,29,36,6
2010-06-19,9,30,31,50,54,39
2010-06-23,11,30,45,47,48,10
2010-06-26,13,30,32,38,57,25
2010-06-30,6,38,43,47,48,27
2010-07-03,3,10,14,52,53,3
2010-07-07,10,41,44,48,56,4
2010-07-10,20,21,27,28,56,4
2010-07-14,20,21,23,38,42,6
2010-07-17,22,27,35,37,45,3
2010-07-21,16,22,30,51,58,25
2010-07-24,20,30,38,46,59,27
2010-07-28,1,11,20,25,27,2
2010-07-31,1,16,17,41,57,15
2010-08-04,19,28,30,37,53,36
2010-08-07,4,22,26,31,52,30
2010-08-11,7,10,22,23,52,29
2010-08-14,9,33,36,50,58,31
2010-08-18,4,32,33,47,55,39
2010-08-21,7,10,12,22,27,26
2010-08-25,16,17,29,31,36,23
2010-08-28,4,22,27,32,56,13
2010-09-01,17,20,21,40,51,19
2010-09-04,11,14,22,33,42,38
2010-09-08,10,35,39,51,57,20
2010-09-11,7,17,20,36,59,33
2010-09-15,7,20,21,34,43,34
2010-09-18,1,18,37,39,44,13
2010-09-22,10,24,36,52,55,15
2010-09-25,8,16,27,35,42,30
2010-09-29,13,44,51,52,55,30
2010-10-02,12,20,30,36,47,25
2010-10-06,14,26,37,41,46,24
2010-10-09,2,6,32,42,49,35
2010-10-13,12,22,32,34,46,2
2010-10-16,11,12,15,16,28,11
2010-10-20,7,17,20,39,59,17
2010-10-23,2,7,16,20,46,34
2010-10-27,20,24,25,53,59,15
2010-10-30,1,7,27,36,49,39
2010-11-03,34,38,39,45,50,33
2010-11-06,7,12,23,34,38,33
2010-11-10,5,8,11,40,44,10
2010-11-13,17,30,48,51,54,29
2010-11-17,14,16,53,54,59,5
2010-11-20,10,12,38,53,57,1
2010-11-24,8,20,21,32,37,4
2010-11-27,10,30,37,47,54,39
2010-12-01,5,10,11,12,20,2
2010-12-04,13,24,27,31,42,22
2010-12-08,8,11,25,41,58,16
2010-12-11,1,8,10,19,20,23
2010-12-15,10,11,18,32,45,18
2010-12-18,4,11,19,33,43,14
2010-12-22,11,33,44,46,47,12
2010-12-25,1,17,38,50,52,24
2010-12-29,3,16,18,20,37,30
2011-01-01,18,22,37,47,54,36
2011-01-05,22,26,32,38,40,7
2011-01-08,6,7,26,33,52,24
2011-01-12,19,21,23,40,48,27
2011-01-15,9,13,22,23,37,31
2011-01-19,22,36,51,56,59,32
2011-01-22,30,31,34,45,51,23
2011-01-26,4,5,36,47,58,6
2011-01-29,24,28,45,49,52,2
2011-02-02,3,14,33,53,57,36
2011-02-05,15,37,41,56,59,5
2011-02-09,7,11,39,42,51,30
2011-02-12,11,32,36,48,52,19
2011-02-16,9,13,21,23,48,24
2011-02-19,3,12,34,37,42,36
2011-02-23,29,32,36,39,49,29
2011-02-26,4,13,17,21,45,10
2011-03-02,7,31,50,51,58,6
2011-03-05,2,23,31,42,48,21
2011-03-09,12,20,28,40,48,8
2011-03-12,1,4,12,41,47,3
2011-03-16,28,39,40,48,53,9
2011-03-19,3,11,20,27,46,8
2011-03-23,5,15,26,28,32,9
2011-03-26,4,10,11,19,33,27
2011-03-30,19,20,42,56,58,37
2011-04-02,6,22,34,43,45,23
2011-04-06,10,18,41,55,56,15
2011-04-09,5,14,32,53,56,11
2011-04-13,4,23,39,49,50,39
2011-04-16,21,33,44,45,55,7
2011-04-20,9,24,34,36,43,27
2011-04-23,3,11,47,48,58,19
2011-04-27,4,24,40,44,55,5
2011-04-30,6,13,15,32,41,3
2011-05-04,3,15,27,29,41,24
2011-05-07,2,11,27,47,55,15
2011-05-11,9,17,32,43,45,31
2011-05-14,8,17,18,40,44,16
2011-05-18,7,12,13,42,49,16
2011-05-21,2,8,40,49,50,36
2011-05-25,4,23,31,42,50,23
2011-05-28,12,20,43,51,55,11
2011-06-01,8,18,38,46,56,31
2011-06-04,17,19,39,41,58,21
2011-06-08,14,37,44,45,53,29
2011-06-11,16,18,27,36,50,8
2011-06-15,19,20,38,41,43,29
2011-06-18,12,21,22,38,41,18
2011-06-22,12,15,19,46,59,12
2011-06-25,18,36,39,41,57,12
2011-06-29,24,30,45,57,59,26
2011-07-02,1,11,18,29,51,32
2011-07-06,11,15,24,50,55,8
2011-07-09,1,9,11,23,31,6
2011-07-13,8,18,19,32,54,8
2011-07-16,24,28,48,50,54,25
2011-07-20,1,4,38,40,42,17
2011-07-23,1,7,27,38,48,30
2011-07-27,38,40,41,51,59,33
2011-07-30,20,40,41,47,55,19
2011-08-03,13,19,21,28,49,11
2011-08-06,25,30,54,57,59,6
2011-08-10,11,18,36,41,46,38
2011-08-13,9,12,35,50,58,4
2011-08-17,18,28,31,48,52,37
2011-08-20,2,17,23,28,47,36
2011-08-24,9,13,47,49,53,39
2011-08-27,2,12,25,54,58,14
2011-08-31,13,19,35,47,57,29
2011-09-03,15,25,52,53,54,2
2011-09-07,3,5,18,27,54,13
2011-09-10,4,19,22,32,53,24
2011-09-14,16,41,42,50,59,5
2011-09-17,6,20,22,32,43,11
2011-09-21,12,47,48,52,55,13
2011-09-24,3,4,12,27,44,26
2011-09-28,30,41,50,51,53,8
2011-10-01,1,12,23,27,43,31
2011-10-05,7,20,43,46,54,17
2011-10-08,3,27,35,37,45,31
2011-10-12,10,12,23,43,47,18
2011-10-15,5,10,24,38,43,1
2011-10-19,16,26,35,52,58,2
2011-10-22,3,8,23,30,58,13
2011-10-26,1,18,21,39,55,6
2011-10-29,11,16,40,51,56,38
2011-11-02,12,14,34,39,46,36
2011-11-05,2,33,39,40,43,26
2011-11-09,5,35,57,58,59,12
2011-11-12,4,35,36,51,56,8
2011-11-16,13,22,25,39,51,28
2011-11-19,9,16,17,28,30,11
2011-11-23,4,30,35,57,59,25
2011-11-26,20,37,39,45,55,28
2011-11-30,2,6,34,35,47,22
2011-12-03,5,18,33,43,45,8
2011-12-07,3,14,20,39,40,37
2011-12-10,4,19,33,41,59,9
2011-12-14,2,24,46,52,56,19
2011-12-17,13,28,49,51,59,33
2011-12-21,10,13,15,31,54,18
2011-12-24,14,16,30,51,52,19
2011-12-28,16,21,27,41,45,14
2011-12-31,5,23,25,28,40,34
2012-01-04,21,35,46,47,50,2
2012-01-07,3,21,24,38,39,24
2012-01-11,5,19,29,45,47,25
2012-01-14,10,30,36,38,41,1
2012-01-18,6,29,34,44,50,28
2012-01-21,12,24,43,44,45,7
2012-01-25,4,19,28,29,47,5
2012-01-28,5,33,41,54,59,13
2012-02-01,8,13,17,34,59,35
2012-02-04,15,23,43,45,56,7
2012-02-08,17,28,38,39,51,33
2012-02-11,1,10,37,52,57,11
2012-02-15,11,12,32,52,56,11
2012-02-18,23,28,50,56,59,5
2012-02-22,7,16,17,39,51,32
2012-02-25,6,11,42,53,54,7
2012-02-29,1,4,11,23,26,14
2012-03-03,29,30,45,47,49,35
2012-03-07,12,35,45,46,47,12
2012-03-10,5,14,17,20,41,5
2012-03-14,1,8,41,46,59,24
2012-03-17,11,14,49,55,58,30
2012-03-21,32,43,53,55,56,6
2012-03-24,1,15,35,37,47,8
2012-03-28,11,16,29,50,58,33
2012-03-31,5,14,36,54,58,27
2012-04-04,1,24,33,45,49,6
2012-04-07,5,13,17,20,30,18
2012-04-11,16,23,42,44,47,2
2012-04-14,14,15,16,19,24,2
2012-04-18,20,22,39,46,49,29
2012-04-21,6,8,20,42,51,16
2012-04-25,4,25,29,34,43,29
2012-04-28,31,39,40,57,58,33
2012-05-02,7,8,33,38,50,29
2012-05-05,9,12,20,44,59,23
2012-05-09,1,7,11,55,56,1
2012-05-12,10,24,35,53,58,22
2012-05-16,3,7,21,28,43,2
2012-05-19,8,13,35,46,51,30
2012-05-23,4,7,26,53,59,32
2012-05-26,13,14,41,49,59,14
2012-05-30,9,10,24,52,56,14
2012-06-02,9,10,17,29,45,33
2012-06-06,19,30,33,48,59,27
2012-06-09,18,22,45,56,57,27
2012-06-13,7,10,14,33,57,18
2012-06-16,8,14,15,16,27,26
2012-06-20,11,17,29,56,57,14
2012-06-23,1,3,41,44,53,30
2012-06-27,6,34,40,46,58,6
2012-06-30,7,15,20,41,44,22
2012-07-04,14,19,35,39,56,33
2012-07-07,3,5,29,39,59,29
2012-07-11,5,22,36,49,55,23
2012-07-14,4,16,32,37,46,13
2012-07-18,2,5,20,23,57,3
2012-07-21,9,31,38,54,56,20
2012-07-25,3,14,35,38,46,16
2012-07-28,5,6,13,36,50,13
2012-08-01,3,16,48,56,58,4
2012-08-04,19,30,48,53,55,18
2012-08-08,3,7,11,15,28,12
2012-08-11,4,13,39,46,51,1
2012-08-15,6,27,46,51,56,21
2012-08-18,14,26,41,55,59,1
2012-08-22,22,29,31,47,55,19
2012-08-25,1,6,7,20,49,23
2012-08-29,25,28,49,54,56,28
2012-09-01,8,11,21,44,49,22
2012-09-05,4,19,26,42,51,29
2012-09-08,6,20,34,44,48,29
2012-09-12,24,33,36,48,56,6
2012-09-15,3,20,26,43,48,1
2012-09-19,1,5,8,39,50,23
2012-09-22,2,16,18,40,42,33
2012-09-26,13,26,39,41,42,10
2012-09-29,14,18,28,29,57,8
2012-10-03,17,23,36,55,59,10
2012-10-06,15,26,34,36,59,35
2012-10-10,18,26,29,35,43,28
2012-10-13,2,5,25,26,49,18
2012-10-17,1,7,10,23,42,35
2012-10-20,4,21,28,31,44,10
2012-10-24,3,18,21,23,50,4
2012-10-27,22,32,34,36,56,33
2012-10-31,1,27,31,45,48,5
2012-11-03,4,7,9,30,54,25
2012-11-07,32,34,45,52,58,20
2012-11-10,32,42,50,54,55,32
2012-11-14,8,10,30,44,58,13
2012-11-17,3,15,27,58,59,20
2012-11-21,8,18,24,30,39,26
2012-11-24,22,32,37,44,50,34
2012-11-28,5,16,22,23,29,6
2012-12-01,3,10,19,36,46,3
2012-12-05,13,17,19,27,38,12
2012-12-08,7,23,26,40,53,21
2012-12-12,8,10,25,36,44,28
2012-12-15,15,23,40,44,55,14
2012-12-19,5,8,20,23,30,3
2012-12-22,1,18,35,39,44,11
2012-12-26,11,13,23,43,54,4
2012-12-29,36,46,50,52,55,14
2013-01-02,18,20,28,35,53,20
2013-01-05,26,30,49,51,54,25
2013-01-09,11,13,20,27,59,26
2013-01-12,10,14,21,23,47,7
2013-01-16,9,21,28,32,51,35
2013-01-19,8,28,29,34,38,35
2013-01-23,11,12,24,43,45,9
2013-01-26,3,22,26,41,49,18
2013-01-30,14,16,32,47,52,16
2013-02-02,11,16,33,40,41,34
2013-02-06,5,27,36,38,41,12
2013-02-09,5,6,16,36,58,3
2013-02-13,12,23,25,27,43,29
2013-02-16,15,16,46,50,58,29
2013-02-20,3,17,19,25,32,17
2013-02-23,2,5,31,39,41,29
2013-02-27,3,14,20,34,48,21
2013-03-02,3,8,13,41,56,16
2013-03-06,6,10,23,41,45,1
2013-03-09,10,37,40,46,52,12
2013-03-13,5,9,28,32,38,29
2013-03-16,3,7,21,44,53,16
2013-03-20,13,14,17,43,54,15
2013-03-23,17,29,31,52,53,31
2013-03-27,7,37,43,48,52,16
2013-03-30,11,23,26,46,55,27
2013-04-03,1,6,8,12,35,3
2013-04-06,4,7,8,29,39,24
2013-04-10,1,36,40,52,53,20
2013-04-13,10,12,31,56,57,33
2013-04-17,13,18,36,48,58,28
2013-04-20,6,8,30,39,48,20
2013-04-24,9,19,31,56,59,2
2013-04-27,3,23,48,54,55,5
2013-05-01,22,26,31,54,55,18
2013-05-04,7,12,26,36,40,17
2013-05-08,21,22,26,30,57,27
2013-05-11,6,13,19,23,43,16
2013-05-15,2,11,26,34,41,32
2013-05-18,10,13,14,22,52,11
2013-05-22,9,31,35,41,57,26
2013-05-25,2,6,19,21,27,25
2013-05-29,9,14,17,49,57,2
2013-06-01,22,28,33,53,59,14
2013-06-05,4,26,33,36,55,32
2013-06-08,2,11,22,26,32,19
2013-06-12,16,22,23,42,55,32
2013-06-15,28,36,40,48,55,1
2013-06-19,7,46,47,52,57,17
2013-06-22,13,19,23,33,57,28
2013-06-26,1,18,33,39,46,33
2013-06-29,8,28,30,53,56,16
2013-07-03,3,6,29,40,51,4
2013-07-06,2,13,35,36,52,11
2013-07-10,30,31,45,55,59,27
2013-07-13,2,8,22,35,37,6
2013-07-17,1,22,34,38,42,17
2013-07-20,14,25,27,38,58,6
2013-07-24,9,29,40,44,54,7
2013-07-27,9,23,40,53,58,6
2013-07-31,8,24,39,49,59,5
2013-08-03,21,24,36,42,45,15
2013-08-07,5,25,30,58,59,32
2013-08-10,4,12,14,37,58,13
2013-08-14,4,11,17,43,51,20
2013-08-17,18,21,46,54,56,23
2013-08-21,30,40,42,46,48,23
2013-08-24,12,17,25,45,59,19
2013-08-28,6,7,9,19,32,13
2013-08-31,2,7,25,40,56,20
2013-09-04,2,9,26,45,47,11
2013-09-07,2,19,22,26,45,24
2013-09-11,11,19,33,42,52,33
2013-09-14,1,17,25,37,44,20
2013-09-18,7,10,22,32,35,19
2013-09-21,12,17,45,54,58,13
2013-09-25,2,7,17,49,53,23
2013-09-28,14,47,52,53,54,5
2013-10-02,4,6,25,42,51,17
2013-10-05,11,12,17,39,40,5
2013-10-09,3,9,19,33,38,18
2013-10-12,8,10,26,57,58,4
2013-10-16,3,26,28,34,42,28
2013-10-19,9,33,54,56,57,5
2013-10-23,3,23,31,34,47,13
2013-10-26,4,6,34,49,56,29
2013-10-30,2,36,40,49,54,10
2013-11-02,13,23,24,27,40,17
2013-11-06,1,5,10,15,49,22
2013-11-09,3,9,37,49,56,32
2013-11-13,5,31,50,55,56,9
2013-11-16,10,29,37,44,59,10
2013-11-20,4,18,23,32,45,7
2013-11-23,5,12,43,52,55,10
2013-11-27,18,25,50,55,57,17
2013-11-30,5,26,44,45,57,29
2013-12-04,6,9,11,31,44,25
2013-12-07,13,20,32,45,48,17
2013-12-11,1,10,13,18,19,27
2013-12-14,14,25,32,33,41,34
2013-12-18,7,24,37,39,40,1
2013-12-21,25,36,40,45,51,8
2013-12-25,23,28,38,39,56,32
2013-12-28,8,35,44,51,56,18
2014-01-01,15,24,40,48,52,23
2014-01-04,19,20,37,41,58,14
2014-01-08,10,28,39,47,58,22
2014-01-11,10,15,33,48,54,34
2014-01-15,7,8,9,24,29,25
2014-01-18,13,14,19,31,38,25
2014-01-22,1,2,7,9,55,29
2014-01-25,8,12,18,55,57,2
2014-01-29,11,23,28,32,47,20
2014-02-01,5,12,15,27,38,7
2014-02-05,8,17,32,57,59,24
2014-02-08,24,25,34,37,54,29
2014-02-12,36,44,49,52,57,1
2014-02-15,2,9,14,21,23,3
2014-02-19,1,17,35,49,54,34
2014-02-22,2,3,13,14,54,4
2014-02-26,11,12,17,38,42,2
2014-03-01,3,8,25,30,47,13
2014-03-05,3,7,9,26,54,19
2014-03-08,10,14,24,32,41,30
2014-03-12,14,15,28,37,54,10
2014-03-15,2,5,34,51,58,9
2014-03-19,2,19,23,34,43,14
2014-03-22,13,28,31,55,58,15
2014-03-26,28,33,41,44,59,21
2014-03-29,2,3,12,27,38,17
2014-04-02,8,13,19,22,53,24
2014-04-05,11,21,26,33,34,29
2014-04-09,9,14,44,48,49,29
2014-04-12,14,26,45,54,55,20
2014-04-16,34,39,42,44,59,8
2014-04-19,5,6,29,35,51,21
2014-04-23,19,25,29,36,48,12
2014-04-26,3,7,22,30,33,20
2014-04-30,2,9,11,19,50,32
2014-05-03,5,15,16,46,49,26
2014-05-07,17,29,31,48,49,34
2014-05-10,4,31,41,47,55,1
2014-05-14,7,33,39,52,55,33
2014-05-17,23,32,39,47,49,22
2014-05-21,4,20,34,39,58,31
2014-05-24,15,16,28,49,55,18
2014-05-28,2,24,28,32,59,25
2014-05-31,15,27,31,34,48,1
2014-06-04,1,7,10,22,49,24
2014-06-07,28,30,35,58,59,15
2014-06-11,14,18,25,33,49,23
2014-06-14,9,33,42,45,54,30
2014-06-18,6,9,29,52,59,7
2014-06-21,5,6,37,41,54,26
2014-06-25,10,20,25,50,53,35
2014-07-02,8,18,45,53,58,35
2014-07-05,24,34,36,57,58,11
2014-07-09,9,25,42,55,57,14
2014-07-12,2,3,7,23,51,26
2014-07-16,5,15,18,26,32,35
2014-07-19,10,17,25,45,53,9
2014-07-23,4,10,12,22,31,3
2014-07-26,24,28,30,38,39,16
2014-07-30,13,30,42,49,53,29
2014-08-02,12,26,44,46,47,29
2014-08-06,1,8,24,28,49,24
2014-08-09,3,12,31,34,51,24
2014-08-13,8,37,39,40,52,24
2014-08-16,7,8,17,48,59,9
2014-08-20,4,8,21,38,40,3
2014-08-23,28,32,35,36,52,31
2014-08-27,17,24,26,45,46,19
2014-08-30,5,28,31,52,59,27
2014-09-03,2,16,43,45,51,35
2014-09-06,9,29,31,43,50,18
2014-09-10,2,14,39,40,43,13
2014-09-13,1,6,16,37,53,27
2014-09-17,18,25,36,48,50,23
2014-09-20,22,23,30,37,39,16
2014-09-24,7,14,21,24,41,26
2014-09-27,2,11,35,52,54,13
2014-10-01,1,4,18,20,45,7
2014-10-04,13,18,24,25,33,31
2014-10-08,5,16,31,46,50,18
2014-10-11,10,19,37,38,39,28
2014-10-15,5,7,19,27,28,20
2014-10-18,20,26,27,36,54,19
2014-10-22,29,30,40,42,50,16
2014-10-25,6,10,51,54,57,12
2014-10-29,25,28,48,57,59,16
2014-11-01,1,3,13,25,38,17
2014-11-05,2,11,19,21,42,34
2014-11-08,9,19,33,38,54,15
2014-11-12,37,39,51,52,55,11
2014-11-15,13,16,33,35,51,28
2014-11-19,6,36,38,48,51,17
2014-11-22,23,49,53,54,57,35
2014-11-26,16,17,22,46,54,35
2014-11-29,13,24,30,42,48,27
2014-12-03,25,30,32,46,54,26
2014-12-06,12,15,22,43,49,14
2014-12-10,34,44,48,54,55,10
2014-12-13,5,13,28,43,55,33
2014-12-17,22,31,38,47,48,15
2014-12-20,14,15,19,31,56,5
2014-12-24,11,12,46,47,50,22
2014-12-27,7,10,11,14,36,15
2014-12-31,17,27,37,40,53,35
2015-01-03,4,18,43,46,55,25
2015-01-07,14,15,47,49,59,10
2015-01-10,2,9,19,28,29,19
2015-01-14,2,4,10,41,53,22
2015-01-17,15,16,23,27,36,9
2015-01-21,11,12,15,28,57,23
2015-01-24,16,19,20,29,33,10
2015-01-28,12,24,35,36,49,1
2015-01-31,5,11,16,26,50,34
2015-02-04,24,36,51,52,56,22
2015-02-07,5,10,21,34,58,33
2015-02-11,11,13,25,39,54,19
2015-02-14,1,24,44,45,51,28
2015-02-18,1,9,29,32,49,22
2015-02-21,10,14,18,34,51,26
2015-02-25,17,19,21,32,39,8
2015-02-28,11,17,25,28,46,12
2015-03-04,8,12,15,35,50,32
2015-03-07,34,36,38,42,50,33
2015-03-11,11,24,31,40,44,27
2015-03-14,8,14,39,46,47,18
2015-03-18,14,25,30,33,47,8
2015-03-21,11,16,30,38,42,7
2015-03-25,7,19,23,50,54,14
2015-03-28,2,4,6,12,38,17
2015-04-01,2,30,33,39,44,1
2015-04-04,33,39,40,41,54,28
2015-04-08,1,19,45,46,58,29
2015-04-11,1,12,32,42,58,12
2015-04-15,1,16,21,29,40,30
2015-04-18,13,22,23,29,31,17
2015-04-22,10,14,25,39,53,18
2015-04-25,21,33,35,38,45,12
2015-04-29,1,26,34,38,51,6
2015-05-02,2,6,11,30,31,33
2015-05-06,23,24,27,39,41,30
2015-05-09,4,15,17,35,58,17
2015-05-13,1,25,29,31,47,7
2015-05-16,24,29,38,48,52,32
2015-05-20,1,12,28,35,44,25
2015-05-23,9,15,17,31,43,16
2015-05-27,8,15,34,53,59,23
2015-05-30,8,9,25,56,57,22
2015-06-03,6,8,13,37,40,11
2015-06-06,8,13,18,27,43,15
2015-06-10,31,32,48,49,53,25
2015-06-13,29,41,48,52,54,29
2015-06-17,20,21,22,41,54,7
2015-06-20,9,10,16,20,57,15
2015-06-24,3,5,10,22,32,7
2015-06-27,18,28,35,46,49,27
2015-07-01,7,24,26,31,41,25
2015-07-04,3,6,14,18,24,21
2015-07-08,4,15,25,27,30,18
2015-07-11,11,39,46,52,54,3
2015-07-15,13,16,34,45,50,11
2015-07-18,6,37,39,45,55,33
2015-07-22,12,31,43,44,57,11
2015-07-25,27,29,34,41,44,2
2015-07-29,4,22,27,28,52,35
2015-08-01,7,13,24,49,57,15
2015-08-05,9,11,14,16,42,19
2015-08-08,9,34,48,52,54,15
2015-08-12,8,13,29,38,52,28
2015-08-15,3,13,17,42,52,24
2015-08-19,6,8,43,48,50,7
2015-08-22,4,12,14,21,55,7
2015-08-26,2,22,32,45,56,12
2015-08-29,18,21,25,28,29,16
2015-09-02,17,22,30,46,56,16
2015-09-05,10,16,18,29,45,19
2015-09-09,44,45,47,50,51,8
2015-09-12,2,3,13,16,35,27
2015-09-16,5,7,24,31,39,7
2015-09-19,12,17,26,43,48,24
2015-09-23,8,29,41,51,58,5
2015-09-26,23,31,42,50,57,5
2015-09-30,21,39,40,55,59,17
2015-10-03,6,26,33,44,46,4
2015-10-07,18,30,40,48,52,9
2015-10-10,12,27,29,43,68,1
2015-10-14,15,20,29,31,40,1
2015-10-17,48,49,57,62,69,19
2015-10-21,30,32,42,56,57,11
2015-10-24,20,31,56,60,64,2
2015-10-28,4,54,56,62,63,10
2015-10-31,9,20,25,47,68,7
2015-11-04,2,12,17,20,65,17
2015-11-07,7,16,25,50,53,15
2015-11-11,4,26,32,55,64,18
2015-11-14,14,22,37,45,66,5
2015-11-18,17,40,41,46,69,6
2015-11-21,37,47,50,52,57,21
2015-11-25,16,29,53,58,69,21
2015-11-28,2,6,47,66,67,2
2015-12-02,14,18,19,32,64,9
2015-12-05,13,27,33,47,68,13
2015-12-09,7,10,16,46,56,1
2015-12-12,2,14,19,30,62,22
2015-12-16,9,10,32,42,55,6
2015-12-19,28,30,41,59,68,10
2015-12-23,16,38,55,63,67,25
2015-12-26,27,40,44,59,65,20
2015-12-30,12,36,38,54,61,22
2016-01-02,5,6,15,29,42,10
2016-01-06,2,11,47,62,63,17
2016-01-09,16,19,32,34,57,13
2016-01-13,4,8,19,27,34,10
2016-01-16,3,51,52,61,64,6
2016-01-20,5,39,44,47,69,24
2016-01-23,22,32,34,40,69,19
2016-01-27,3,12,40,52,67,21
2016-01-30,5,12,16,31,43,18
2016-02-03,26,28,31,60,67,23
2016-02-06,4,13,31,36,52,8
2016-02-10,2,3,40,50,62,5
2016-02-13,7,15,18,19,36,20
2016-02-17,7,17,27,29,40,25
2016-02-20,11,12,15,16,54,25
2016-02-24,21,31,64,65,67,5
2016-02-27,10,11,21,22,53,18
2016-03-02,12,13,44,52,62,6
2016-03-05,3,27,34,59,69,19
2016-03-09,14,23,32,34,68,3
2016-03-12,11,28,50,57,62,23
2016-03-16,10,12,13,46,50,21
2016-03-19,11,23,43,54,60,3
2016-03-23,5,8,15,22,49,25
2016-03-26,11,23,42,52,68,6
2016-03-30,24,44,53,55,63,19
2016-04-02,9,28,30,40,61,3
2016-04-06,4,28,49,60,65,25
2016-04-09,14,22,23,41,61,9
2016-04-13,30,33,35,38,64,22
2016-04-16,3,18,25,32,51,3
2016-04-20,12,25,30,52,62,8
2016-04-23,19,35,46,59,62,13
2016-04-27,2,25,33,39,64,17
2016-04-30,3,12,16,32,34,14
2016-05-04,30,47,57,66,69,3
2016-05-07,5,25,26,44,66,9
2016-05-11,20,32,52,66,69,23
2016-05-14,13,27,47,64,65,9
2016-05-18,23,25,39,54,67,11
2016-05-21,5,7,9,23,32,26
2016-05-25,11,24,41,59,64,15
2016-05-28,6,33,34,58,59,12
2016-06-01,23,30,33,40,69,12
2016-06-04,16,20,22,43,64,17
2016-06-08,12,25,37,60,69,20
2016-06-11,20,27,36,41,58,7
2016-06-15,4,22,24,31,33,10
2016-06-18,2,23,41,53,63,11
2016-06-22,14,40,42,43,52,17
2016-06-25,3,27,36,56,69,25
2016-06-29,23,29,37,60,64,6
2016-07-02,10,34,39,59,63,4
2016-07-06,2,24,31,57,66,18
2016-07-09,10,28,32,61,64,12
2016-07-13,3,15,29,54,57,10
2016-07-16,11,17,40,50,62,26
2016-07-20,6,25,35,58,66,5
2016-07-23,5,7,23,35,39,11
2016-07-27,10,47,50,65,68,24
2016-07-30,11,17,21,23,32,5
2016-08-03,9,11,27,66,67,2
2016-08-06,20,33,36,47,52,12
2016-08-10,23,56,61,64,67,12
2016-08-13,38,44,60,64,69,6
2016-08-17,33,44,49,50,52,8
2016-08-20,3,6,21,60,68,24
2016-08-24,9,11,25,64,65,16
2016-08-27,4,32,48,49,63,20
2016-08-31,5,10,24,56,61,12
2016-09-03,7,39,50,59,67,25
2016-09-07,22,23,29,33,55,21
2016-09-10,3,17,49,55,68,8
2016-09-14,10,11,23,28,31,14
2016-09-17,9,19,51,55,62,14
2016-09-21,1,28,63,67,69,17
2016-09-24,7,15,20,29,41,22
2016-09-28,30,38,52,53,62,1
2016-10-01,2,12,50,61,64,1
2016-10-05,8,18,27,29,60,15
2016-10-08,3,54,61,64,68,9
2016-10-12,16,30,34,37,44,16
2016-10-15,23,49,57,64,67,20
2016-10-19,10,16,38,43,63,23
2016-10-22,1,28,33,55,56,22
2016-10-26,2,3,16,48,56,24
2016-10-29,19,20,21,42,48,23
2016-11-02,13,18,37,54,61,5
2016-11-05,21,31,50,51,69,8
2016-11-09,1,25,28,31,54,2
2016-11-12,8,17,20,27,52,24
2016-11-16,28,41,61,63,65,7
2016-11-19,16,24,28,43,61,21
2016-11-23,7,32,41,47,61,3
2016-11-26,17,19,21,37,44,16
2016-11-30,3,14,18,25,45,7
2016-12-03,8,10,26,27,33,22
2016-12-07,41,48,49,53,64,20
2016-12-10,12,21,32,44,66,15
2016-12-14,18,26,37,39,66,15
2016-12-17,1,8,16,40,48,10
2016-12-21,25,33,40,54,68,3
2016-12-24,28,38,42,51,52,21
2016-12-28,16,23,30,44,58,4
2016-12-31,1,3,28,57,67,9
2017-01-04,16,17,29,41,42,4
2017-01-07,3,12,24,37,63,10
2017-01-11,1,3,13,16,43,24
2017-01-14,23,55,59,64,69,13
2017-01-18,9,40,41,53,58,12
2017-01-21,23,25,45,52,67,2
2017-01-25,18,28,62,66,68,22
2017-01-28,12,20,39,49,69,17
2017-02-01,9,43,57,60,64,10
2017-02-04,6,13,16,17,52,25
2017-02-08,14,20,42,49,66,5
2017-02-11,5,9,17,37,64,2
2017-02-15,5,28,33,38,42,19
2017-02-18,3,7,9,31,33,20
2017-02-22,10,13,28,52,61,2
2017-02-25,6,32,47,62,65,19
2017-03-01,10,16,40,52,55,17
2017-03-04,2,18,19,22,63,19
2017-03-08,23,33,42,46,59,4
2017-03-11,1,26,41,50,57,11
2017-03-15,16,30,41,48,53,16
2017-03-18,13,25,44,54,67,5
2017-03-22,2,9,27,29,42,9
2017-03-25,18,31,32,45,48,16
2017-03-29,8,15,31,36,62,11
2017-04-01,9,32,36,44,65,1
2017-04-05,8,20,46,53,54,13
2017-04-08,23,36,51,53,60,15
2017-04-12,8,14,61,63,68,24
2017-04-15,5,22,26,45,61,13
2017-04-19,1,19,37,40,52,15
2017-04-22,21,39,41,48,63,6
2017-04-26,1,15,18,26,51,26
2017-04-29,22,23,24,45,62,5
2017-05-03,17,18,49,59,66,9
2017-05-06,11,21,31,41,59,21
2017-05-10,29,31,46,56,62,8
2017-05-13,17,20,32,63,68,19
2017-05-17,4,11,39,45,48,9
2017-05-20,5,22,45,47,54,3
2017-05-24,28,32,33,38,62,15
2017-05-27,5,10,28,55,67,9
2017-05-31,4,33,39,46,60,6
2017-06-03,3,9,21,41,54,25
2017-06-07,5,21,57,66,69,13
2017-06-14,5,22,43,57,63,24
2017-06-17,10,13,32,53,62,21
2017-06-21,14,46,61,65,68,13
2017-06-24,10,22,32,36,58,10
2017-06-28,29,37,46,53,68,8
2017-07-01,19,42,45,48,53,16
2017-07-05,4,9,16,54,68,21
2017-07-08,8,10,29,40,59,26
2017-07-12,1,2,18,23,61,9
2017-07-15,9,40,63,64,66,17
2017-07-19,50,51,59,61,63,4
2017-07-22,5,32,44,53,60,9
2017-07-26,7,19,21,42,69,12
2017-07-29,1,28,40,45,48,12
2017-08-02,1,16,54,63,69,18
2017-08-05,11,21,28,33,45,11
2017-08-09,12,30,36,47,62,9
2017-08-12,20,24,26,35,49,19
2017-08-16,9,15,43,60,64,4
2017-08-19,17,19,39,43,68,13
2017-08-23,6,7,16,23,26,4
2017-08-26,7,15,32,38,66,15
2017-08-30,19,28,43,67,69,7
2017-09-02,6,21,41,52,62,26
2017-09-06,8,14,32,58,67,17
2017-09-09,6,20,29,57,59,22
2017-09-13,17,24,35,57,63,19
2017-09-16,17,18,24,25,31,24
2017-09-20,39,48,53,67,68,26
2017-09-23,24,45,55,56,57,19
2017-09-27,8,10,21,23,25,22
2017-09-30,8,12,25,41,64,15
2017-10-04,22,23,62,63,66,24
2017-10-07,10,49,61,63,65,7
2017-10-11,1,3,13,19,69,23
2017-10-14,32,37,56,66,69,11
2017-10-18,30,49,54,66,69,8
2017-10-21,14,41,42,45,69,4
2017-10-25,18,22,29,54,57,8
2017-10-28,27,35,38,57,66,10
2017-11-01,3,6,19,26,44,1
2017-11-04,12,14,26,48,51,13
2017-11-08,12,14,20,21,34,22
2017-11-11,4,6,16,30,56,18
2017-11-15,23,32,44,48,50,25
2017-11-18,17,28,31,32,39,26
2017-11-22,35,37,46,51,61,13
2017-11-25,8,13,27,53,54,4
2017-11-29,24,26,28,59,63,16
2017-12-02,28,30,32,36,58,6
2017-12-06,19,20,50,55,62,9
2017-12-09,25,36,37,55,60,6
2017-12-13,2,24,28,51,58,7
2017-12-16,9,35,37,50,63,11
2017-12-20,1,20,61,64,69,20
2017-12-23,1,3,13,15,44,25
2017-12-27,3,9,16,56,60,3
2017-12-30,28,36,41,51,58,24
2018-01-03,2,18,37,39,42,12
2018-01-06,12,61,30,29,33,26
2018-01-10,7,24,33,49,50,4
2018-01-13,14,25,35,58,69,24
2018-01-17,3,33,37,51,57,21
2018-01-20,26,28,47,49,58,3
2018-01-24,5,9,11,33,64,21
2018-01-27,17,21,26,47,54,7
2018-01-31,4,7,14,46,59,22
2018-02-03,15,23,27,48,53,6
2018-02-07,23,34,35,40,47,10
2018-02-10,1,13,27,41,59,20
2018-02-14,37,39,44,46,69,26
2018-02-17,13,26,39,44,62,2
2018-02-21,7,15,31,34,36,8
2018-02-24,24,25,38,62,63,6
2018-02-28,12,30,59,65,69,16
2018-03-03,13,17,25,36,40,5
2018-03-07,6,13,19,36,51,18
2018-03-10,43,44,54,61,69,22
2018-03-14,6,12,24,41,68,9
2018-03-17,22,57,59,60,66,7
2018-03-21,3,4,18,29,61,25
2018-03-24,10,33,45,53,56,24
2018-03-28,6,8,26,52,53,21
2018-03-31,8,24,52,55,61,21
2018-04-04,8,24,42,54,64,24
2018-04-07,2,17,20,38,39,20
2018-04-11,16,18,27,55,67,18
2018-04-14,17,19,26,61,62,15
2018-04-18,9,10,12,17,23,9
2018-04-21,40,50,54,62,69,19
2018-04-25,17,18,39,56,64,12
2018-04-28,20,22,28,45,50,8
2018-05-02,5,14,31,40,50,6
2018-05-05,14,29,36,57,61,17
2018-05-09,11,16,38,50,69,19
2018-05-12,22,42,45,55,56,14
2018-05-16,17,19,21,22,51,19
2018-05-19,3,6,9,17,56,25
2018-05-23,20,54,56,61,64,7
2018-05-26,1,21,31,45,49,21
2018-05-30,17,23,26,46,68,20
2018-06-02,23,25,37,44,64,7
2018-06-06,23,28,41,53,56,14
2018-06-09,6,10,15,25,36,14
2018-06-13,13,20,38,45,55,1
2018-06-16,9,45,57,58,65,9
2018-06-20,4,14,23,27,56,13
2018-06-23,16,29,43,45,56,25
2018-06-27,7,28,37,62,63,15
2018-06-30,3,9,20,42,61,24
2018-07-04,4,7,15,41,44,10
2018-07-07,1,10,43,45,64,22
2018-07-11,19,21,27,46,47,7
2018-07-14,22,41,42,49,67,11
2018-07-18,1,10,27,28,36,12
2018-07-21,9,23,56,58,68,1
2018-07-25,2,18,41,44,64,26
2018-07-28,22,27,46,56,65,13
2018-08-01,5,22,32,38,58,26
2018-08-04,3,11,38,44,58,2
2018-08-08,10,21,30,43,63,17
2018-08-11,5,43,56,62,68,24
2018-08-15,12,15,28,47,48,16
2018-08-18,24,34,52,61,67,16
2018-08-22,1,7,45,47,69,13
2018-08-25,20,25,54,57,63,8
2018-08-29,25,41,53,57,67,12
2018-09-01,11,54,55,61,66,9
2018-09-05,6,15,50,59,60,13
2018-09-08,3,13,20,32,33,21
2018-09-12,6,28,48,63,64,24
2018-09-15,2,18,19,24,34,3
2018-09-19,4,39,48,50,51,11
2018-09-22,24,61,63,64,69,18
2018-09-26,1,2,7,30,50,8
2018-09-29,9,17,34,59,64,22
2018-10-03,41,53,59,63,66,3
2018-10-06,1,22,27,53,67,15
2018-10-10,8,23,27,42,60,7
2018-10-13,11,14,32,43,65,15
2018-10-17,3,57,64,68,69,15
2018-10-20,16,54,57,62,69,23
2018-10-24,3,21,45,53,56,22
2018-10-27,8,12,13,19,27,4
2018-10-31,7,25,39,40,47,20
2018-11-03,15,21,24,32,65,11
2018-11-07,26,28,34,42,50,25
2018-11-10,5,29,34,53,57,24
2018-11-14,7,42,49,62,69,23
2018-11-17,6,8,20,52,68,5
2018-11-21,7,14,23,38,55,18
2018-11-24,11,33,51,56,58,18
2018-11-28,4,19,59,68,69,21
2018-12-01,10,11,47,55,58,26
2018-12-05,9,11,36,37,38,11
2018-12-08,14,32,34,46,61,10
2018-12-12,4,9,21,29,64,26
2018-12-15,8,38,43,52,55,17
2018-12-19,15,29,31,37,43,16
2018-12-22,21,28,30,40,59,26
2018-12-26,5,25,38,52,67,24
2018-12-29,12,42,51,53,62,25
2019-01-02,8,12,42,46,56,12
2019-01-05,3,7,15,27,69,19
2019-01-09,6,19,37,49,59,22
2019-01-12,7,36,48,57,58,24
2019-01-16,14,29,31,56,61,1
2019-01-19,5,8,41,65,66,20
2019-01-23,23,25,47,48,50,24
2019-01-26,8,12,20,21,32,10
2019-01-30,2,12,16,29,54,6
2019-02-02,10,17,18,43,65,13
2019-02-06,5,13,28,38,63,21
2019-02-09,1,2,3,7,39,25
2019-02-13,2,8,14,24,69,26
2019-02-16,29,30,41,48,64,1
2019-02-20,27,49,50,51,52,2
2019-02-23,4,6,14,20,32,13
2019-02-27,21,31,42,49,59,23
2019-03-02,1,19,25,27,68,21
2019-03-06,6,10,21,35,46,23
2019-03-09,5,6,45,55,59,14
2019-03-13,18,36,45,47,69,14
2019-03-16,30,34,39,53,67,11
2019-03-20,10,14,50,53,63,21
2019-03-23,24,25,52,60,66,5
2019-03-27,16,20,37,44,62,12
2019-03-30,21,52,54,64,68,4
2019-04-03,16,19,25,32,49,18
2019-04-06,15,33,43,59,60,8
2019-04-10,12,21,23,39,67,6
2019-04-13,4,17,26,32,49,10
2019-04-17,1,15,17,46,66,15
2019-04-20,3,27,30,63,65,1
2019-04-24,6,32,35,36,65,4
2019-04-27,2,29,41,45,62,6
2019-05-01,5,23,28,56,66,17
2019-05-04,6,16,23,30,61,2
2019-05-08,1,45,53,64,66,3
2019-05-11,6,8,9,37,40,26
2019-05-15,7,17,33,61,68,4
2019-05-18,2,10,25,66,67,26
2019-05-22,7,10,20,44,57,3
2019-05-25,1,2,39,43,66,2
2019-05-29,3,32,34,42,61,7
2019-06-01,6,15,34,45,52,8
2019-06-05,17,23,28,34,38,8
2019-06-08,9,13,42,48,60,18
2019-06-12,5,35,38,42,57,13
2019-06-15,8,11,14,16,49,14
2019-06-19,4,18,21,26,38,1
2019-06-22,3,6,11,14,66,21
2019-06-26,1,5,16,22,54,24
2019-06-29,13,17,24,59,62,8
2019-07-03,40,43,45,50,61,25
2019-07-06,4,8,23,46,65,1
2019-07-10,7,9,26,44,68,3
2019-07-13,13,23,32,35,68,21
2019-07-17,19,43,47,60,68,10
2019-07-20,5,26,36,64,69,19
2019-07-24,22,29,35,53,56,13
2019-07-27,1,19,31,48,61,6
2019-07-31,14,37,47,55,67,6
2019-08-03,3,6,45,66,68,13
2019-08-07,8,32,47,53,59,3
2019-08-10,35,41,44,58,59,3
2019-08-14,10,13,30,51,69,10
2019-08-17,18,21,24,30,60,20
2019-08-21,12,21,22,29,32,21
2019-08-24,5,12,20,21,47,1
2019-08-28,9,32,37,41,56,14
2019-08-31,14,41,50,56,57,18
2019-09-04,4,8,30,52,59,2
2019-09-07,11,20,41,42,56,6
2019-09-11,6,17,24,53,57,3
2019-09-14,11,27,31,36,67,11
2019-09-18,14,19,39,47,51,15
2019-09-21,1,9,22,36,68,22
2019-09-25,37,43,44,45,53,25
2019-09-28,15,23,34,51,55,4
2019-10-02,4,8,10,43,53,7
2019-10-05,6,14,36,51,54,4
2019-10-09,5,18,33,43,65,2
2019-10-12,12,29,34,53,65,23
2019-10-16,1,5,25,63,67,3
2019-10-19,14,27,29,59,65,12
2019-10-23,5,12,50,61,69,23
2019-10-26,3,20,48,54,59,4
2019-10-30,19,22,52,56,67,21
2019-11-02,3,23,32,37,58,22
2019-11-06,15,28,46,62,64,17
2019-11-09,14,17,35,38,60,25
2019-11-13,23,26,27,28,66,11
2019-11-16,14,22,26,55,63,26
2019-11-20,7,15,39,40,57,12
2019-11-23,28,35,38,61,66,23
2019-11-27,15,26,37,53,55,21
2019-11-30,15,35,42,63,68,18
2019-12-04,8,27,44,51,61,14
2019-12-07,18,42,53,62,66,25
2019-12-11,24,29,42,44,63,10
2019-12-14,3,6,12,32,64,19
2019-12-18,14,18,26,39,68,9
2019-12-21,19,31,35,50,67,14
2019-12-25,2,4,16,30,46,20
2019-12-28,20,23,39,59,60,18
2020-01-01,49,53,57,59,62,26
2020-01-04,1,11,21,25,54,7
2020-01-08,2,4,7,43,56,22
2020-01-11,3,21,23,31,59,3
2020-01-15,39,41,53,55,68,19
2020-01-18,20,24,38,56,68,18
2020-01-22,11,33,44,59,67,8
2020-01-25,2,9,17,36,67,18
2020-01-29,9,12,15,31,60,2
2020-02-01,12,33,54,57,60,13
2020-02-05,23,30,35,41,57,2
2020-02-08,35,49,50,59,66,6
2020-02-12,14,47,54,55,68,25
2020-02-15,16,32,35,36,46,3
2020-02-19,10,12,15,19,56,19
2020-02-22,25,37,39,61,62,11
2020-02-26,8,27,29,36,47,24
2020-02-29,24,44,46,50,51,13
2020-03-04,18,43,58,60,68,14
2020-03-07,7,15,21,33,62,23
2020-03-11,4,29,49,50,67,2
2020-03-14,9,23,26,30,32,8
2020-03-18,15,27,44,59,63,8
2020-03-21,2,23,40,59,69,13
2020-03-25,5,9,27,39,42,16
2020-03-28,7,40,48,55,66,11
2020-04-01,33,35,45,48,60,16
2020-04-04,8,31,39,40,43,4
2020-04-08,2,37,39,48,54,5
2020-04-11,22,29,30,42,47,17
2020-04-15,10,12,33,36,41,2
2020-04-18,4,44,46,56,63,19
2020-04-22,1,33,35,40,69,24
2020-04-25,1,3,21,47,57,18
2020-04-29,2,20,49,61,67,20
2020-05-02,13,16,33,58,68,24
2020-05-06,7,8,35,50,65,20
2020-05-09,12,18,42,48,65,19
2020-05-13,39,53,54,56,57,20
2020-05-16,8,12,26,39,42,11
2020-05-20,18,34,40,42,50,9
2020-05-23,2,8,18,21,23,16
2020-05-27,38,58,59,64,68,21
2020-05-30,13,32,41,58,60,14
2020-06-03,1,3,26,41,64,17
2020-06-06,1,17,38,68,69,18
2020-06-10,10,33,41,52,54,18
2020-06-13,2,12,32,50,65,5
2020-06-17,7,10,63,64,68,10
2020-06-20,10,31,41,63,67,5
2020-06-24,15,22,27,33,46,23
2020-06-27,9,36,49,56,62,8
2020-07-01,15,28,52,53,63,18
2020-07-04,16,21,27,60,61,6
2020-07-08,3,10,34,36,62,5
2020-07-11,14,19,61,62,64,4
2020-07-15,27,47,61,62,69,4
2020-07-18,13,16,32,58,59,9
2020-07-22,16,25,36,44,55,14
2020-07-25,5,21,36,61,62,18
2020-07-29,7,29,35,40,45,26
2020-08-01,6,25,36,43,48,24
2020-08-05,7,14,17,57,65,24
2020-08-08,2,3,14,40,51,24
2020-08-12,2,6,18,36,37,21
2020-08-15,5,12,34,45,56,3
2020-08-19,13,23,47,55,58,23
2020-08-22,19,30,36,42,66,14
2020-08-26,8,12,19,47,58,2
2020-08-29,5,21,22,29,43,10
2020-09-02,1,4,11,20,69,18
2020-09-05,15,21,22,27,47,7
2020-09-09,27,52,55,60,64,21
2020-09-12,16,17,20,53,67,4
2020-09-16,10,17,31,51,53,1
2020-09-19,11,14,23,47,57,14
2020-09-23,8,17,49,52,59,1
2020-09-26,11,21,27,36,62,24
2020-09-30,14,18,36,49,67,18
2020-10-03,18,31,36,43,47,20
2020-10-07,6,24,30,53,56,19
2020-10-10,5,18,23,40,50,18
2020-10-14,21,37,52,53,58,5
2020-10-17,6,10,31,37,44,23
2020-10-21,1,3,13,44,56,26
2020-10-24,18,20,27,45,65,6
2020-10-28,11,28,37,40,53,13
2020-10-31,2,6,40,42,55,24
2020-11-04,23,32,33,45,49,14
2020-11-07,14,16,37,48,58,18
2020-11-11,13,15,17,45,63,13
2020-11-14,7,15,18,32,45,20
2020-11-18,4,5,17,43,52,5
2020-11-21,51,54,57,60,69,11
2020-11-25,2,57,58,60,65,26
2020-11-28,8,12,18,44,51,18
2020-12-02,28,31,40,41,46,4
2020-12-05,3,4,6,48,53,10
2020-12-09,11,14,31,47,48,4
2020-12-12,17,54,56,63,69,20
2020-12-16,4,23,37,61,67,7
2020-12-19,27,32,34,43,52,13
2020-12-23,6,13,38,39,53,6
2020-12-26,10,24,27,35,53,18
2020-12-30,3,43,45,61,65,14
2021-01-02,3,4,11,41,67,5
2021-01-06,1,20,22,60,66,3
2021-01-09,14,26,38,45,46,13
2021-01-13,4,19,23,25,49,14
2021-01-16,14,20,39,65,67,2
2021-01-20,40,53,60,68,69,22
2021-01-23,5,8,17,27,28,14
2021-01-27,17,33,35,42,52,9
2021-01-30,1,2,7,52,61,4
2021-02-03,5,37,40,64,66,5
2021-02-06,1,16,48,49,65,8
2021-02-10,15,39,58,63,67,7
2021-02-13,20,28,33,63,68,20
2021-02-17,1,15,21,32,46,1
2021-02-20,4,8,22,32,58,4
2021-02-24,4,33,43,53,65,21
2021-02-27,2,28,31,44,52,18
2021-03-03,21,40,44,50,55,16
2021-03-06,11,31,50,52,58,18
2021-03-10,17,18,37,44,53,18
2021-03-13,5,11,51,56,61,2
2021-03-17,34,38,42,61,62,19
2021-03-20,1,6,22,42,61,4
2021-03-24,4,9,17,27,38,18
2021-03-27,6,14,38,39,65,6
2021-03-31,3,10,44,55,68,24
2021-04-03,1,12,17,39,53,5
2021-04-07,27,35,39,51,66,16
2021-04-10,14,16,23,50,53,3
2021-04-14,13,30,33,45,61,14
2021-04-17,10,21,26,41,49,25
2021-04-21,21,25,32,63,67,6
2021-04-24,22,36,48,59,61,22
2021-05-01,35,36,47,61,63,3
2021-05-05,16,23,28,40,63,1
2021-05-08,12,17,20,21,26,8
2021-05-12,1,19,20,38,54,17
2021-05-15,4,10,37,39,69,24
2021-05-19,11,13,55,56,69,4
2021-05-22,3,19,27,37,40,8
2021-05-26,2,8,21,34,62,16
2021-05-29,11,13,22,27,46,20
2021-06-02,6,7,11,66,67,19
2021-06-05,44,52,54,64,69,26
2021-06-09,19,28,46,50,54,9
2021-06-12,8,25,34,38,41,10
2021-06-16,19,29,34,44,50,25
2021-06-19,4,22,35,38,39,20
2021-06-23,13,20,40,51,63,1
2021-06-26,8,31,39,43,60,17
2021-06-30,24,29,50,65,66,14
2021-07-03,26,40,41,55,65,24
2021-07-07,8,21,30,49,57,8
2021-07-10,1,5,29,54,62,3
2021-07-14,33,46,52,59,62,10
2021-07-17,15,22,38,54,66,3
2021-07-21,27,28,44,67,68,11
2021-07-24,1,4,11,59,67,10
2021-07-28,25,30,53,59,60,5
2021-07-31,1,21,22,34,47,4
2021-08-04,5,21,32,36,58,14
2021-08-07,7,24,36,54,60,23
2021-08-11,12,18,20,29,30,16
2021-08-14,6,21,49,65,67,18
2021-08-18,35,36,51,55,61,26
2021-08-21,16,28,36,39,59,4
2021-08-23,17,36,47,60,61,15
2021-08-25,27,39,54,56,59,24
2021-08-28,12,22,26,46,59,26
2021-08-30,3,15,45,51,61,8
2021-09-01,10,20,29,48,51,17
2021-09-04,32,35,40,52,54,1
2021-09-06,11,20,22,33,54,24
2021-09-08,9,22,41,47,61,21
2021-09-11,20,31,38,40,49,21
2021-09-13,37,40,50,61,63,21
2021-09-15,1,4,18,46,62,25
2021-09-18,5,36,39,45,57,11
2021-09-20,37,51,54,58,60,19
2021-09-22,20,40,47,55,63,5
2021-09-25,22,23,37,62,63,19
2021-09-27,21,22,39,44,60,12
2021-09-29,2,7,11,17,32,11
2021-10-02,28,38,42,47,52,1
2021-10-04,12,22,54,66,69,15
2021-10-06,1,17,52,58,64,1
2021-10-09,12,17,30,45,62,5
2021-10-11,11,20,33,39,65,24
2021-10-13,23,29,47,59,60,15
2021-10-16,30,31,41,42,48,3
2021-10-18,30,32,48,53,63,12
2021-10-20,7,29,36,41,43,5
2021-10-23,10,30,51,57,63,20
2021-10-25,10,27,29,44,58,24
2021-10-27,3,6,26,35,51,17
2021-10-30,5,23,28,43,56,19
2021-11-01,9,25,34,44,45,8
2021-11-03,1,2,24,50,57,26
2021-11-06,8,30,48,57,64,9
2021-11-08,21,46,47,57,62,8
2021-11-10,19,25,43,46,48,14
2021-11-13,8,15,26,35,45,9
2021-11-15,5,31,34,51,53,23
2021-11-17,3,16,48,52,60,1
2021-11-20,40,43,48,59,69,19
2021-11-22,7,20,29,38,67,22
2021-11-24,10,16,32,63,65,17
2021-11-27,8,32,55,64,66,10
2021-11-29,18,26,28,38,47,17
2021-12-01,12,15,38,57,63,24
2021-12-04,10,40,45,56,67,2
2021-12-06,3,21,38,50,59,6
2021-12-08,3,7,33,50,69,24
2021-12-11,3,25,44,53,64,10
2021-12-13,10,30,37,53,59,4
2021-12-15,19,20,40,42,59,15
2021-12-18,2,6,24,51,61,1
2021-12-20,2,13,23,34,66,2
2021-12-22,7,16,19,48,68,15
2021-12-25,27,29,45,55,58,2
2021-12-27,36,38,45,62,64,19
2021-12-29,2,6,9,33,39,11
2022-01-01,6,12,39,48,50,7
2022-01-03,2,13,32,33,48,22
2022-01-05,6,14,25,33,46,17
2022-01-08,20,21,36,60,65,13
2022-01-10,14,17,18,21,27,9
2022-01-12,12,21,22,30,33,24
2022-01-15,3,18,37,51,59,13
2022-01-17,9,24,35,46,65,22
2022-01-19,11,15,43,55,61,10
2022-01-22,8,14,33,36,67,17
2022-01-24,11,29,30,47,53,16
2022-01-26,4,11,38,49,69,16
2022-01-29,2,15,38,54,65,11
2022-01-31,10,15,51,61,69,14
2022-02-02,18,29,33,62,63,15
2022-02-05,5,16,27,39,61,24
2022-02-07,5,15,38,47,65,10
2022-02-09,2,17,33,51,63,26
2022-02-12,8,10,21,41,62,7
2022-02-14,16,25,27,49,55,17
2022-02-16,22,30,40,42,48,16
2022-02-19,3,10,15,33,42,11
2022-02-21,2,36,37,45,69,3
2022-02-23,6,17,21,35,64,18
2022-02-26,15,32,36,48,64,19
2022-02-28,7,21,39,47,55,19
2022-03-02,19,37,48,61,63,12
2022-03-05,8,23,37,52,63,13
2022-03-07,10,43,55,59,67,2
2022-03-09,13,22,34,51,67,10
2022-03-14,21,28,32,44,49,6
2022-03-16,3,28,34,35,58,17
2022-03-19,8,9,18,48,52,6
2022-03-21,1,15,26,63,65,16
2022-03-23,31,32,37,38,48,24
2022-03-26,2,10,50,59,61,6
2022-03-28,11,18,39,58,62,3
2022-03-30,3,7,21,31,37,11
2022-04-02,6,28,47,58,59,18
2022-04-04,2,32,39,46,69,6
2022-04-06,6,42,45,47,64,18
2022-04-11,5,7,24,31,34,4
2022-04-13,14,16,41,63,68,26
2022-04-16,15,21,32,62,65,26
2022-04-18,8,33,55,59,62,18
2022-04-20,20,30,45,55,56,14
2022-04-23,10,39,47,49,56,8
2022-04-25,12,18,20,39,61,10
2022-04-27,11,36,61,62,68,4
2022-04-30,14,21,37,44,63,1
2022-05-02,18,27,33,39,44,8
2022-05-04,37,39,55,63,69,23
2022-05-07,4,5,6,28,67,10
2022-05-09,18,30,35,52,56,5
2022-05-11,5,7,61,63,69,18
2022-05-14,6,40,41,45,52,9
2022-05-16,7,15,22,36,64,13
2022-05-18,40,41,58,64,65,17
2022-05-21,14,15,25,52,58,11
2022-05-23,1,33,37,39,42,26
2022-05-25,19,28,39,42,57,17
2022-05-28,2,39,50,61,66,15
2022-05-30,27,28,51,68,69,22
2022-06-01,11,41,56,57,63,2
2022-06-04,14,16,36,52,60,16
2022-06-06,2,10,35,44,46,4
2022-06-08,22,39,43,62,64,7
2022-06-11,18,20,26,53,69,5
2022-06-13,2,27,42,44,51,25
2022-06-15,19,28,41,42,51,7
2022-06-18,10,19,40,45,58,25
2022-06-20,3,44,61,63,69,13
2022-06-22,6,10,31,48,56,12
2022-06-25,6,12,20,27,32,4
2022-06-27,11,13,18,30,37,16
2022-06-29,8,40,49,58,63,14
2022-07-02,9,10,37,59,62,26
2022-07-04,15,16,24,31,56,4
2022-07-06,32,36,49,62,69,13
2022-07-09,14,22,42,46,52,24
2022-07-11,4,26,34,37,52,9
2022-07-13,22,23,36,47,63,2
2022-07-16,3,18,23,32,57,21
2022-07-18,14,34,36,50,58,5
2022-07-20,10,20,23,49,65,22
2022-07-23,39,41,54,59,62,12
2022-07-25,25,37,38,39,65,5
2022-07-27,1,25,44,55,57,26
2022-07-30,4,17,57,58,68,12
2022-08-01,15,21,31,36,65,16
2022-08-03,9,21,56,57,66,11
2022-08-06,8,15,46,56,68,3
2022-08-08,32,45,51,57,58,12
2022-08-10,29,44,59,61,68,19
2022-08-13,19,24,35,43,62,2
2022-08-15,20,24,47,50,63,5
2022-08-17,23,28,41,50,55,24
2022-08-20,5,9,11,16,66,7
2022-08-22,12,27,34,55,67,9
2022-08-24,6,24,35,37,44,22
2022-08-27,2,18,56,60,65,14
2022-08-29,13,36,43,61,69,18
2022-08-31,7,8,19,24,28,1
2022-09-03,18,27,49,65,69,9
2022-09-05,4,7,32,55,64,25
2022-09-07,3,16,30,33,36,20
2022-09-10,38,42,56,68,69,4
2022-09-12,6,14,16,34,66,25
2022-09-14,9,10,20,22,52,25
2022-09-17,5,25,36,51,61,1
2022-09-19,7,15,36,46,67,7
2022-09-21,6,33,34,45,54,7
2022-09-24,3,9,21,24,29,14
2022-09-26,13,20,31,33,59,20
2022-09-28,6,10,24,33,67,11
2022-10-01,8,21,22,65,69,26
2022-10-03,2,16,22,55,63,22
2022-10-05,26,30,33,37,62,6
2022-10-08,13,43,53,60,68,5
2022-10-10,3,6,11,17,22,11
2022-10-12,14,30,41,42,59,6
2022-10-15,32,37,40,58,62,15
2022-10-17,19,30,36,46,60,25
2022-10-19,6,8,15,27,42,10
2022-10-22,19,25,48,55,60,18
2022-10-24,18,23,35,45,54,16
2022-10-26,19,36,37,46,56,24
2022-10-29,19,31,40,46,57,23
2022-10-31,13,19,36,39,59,13
2022-11-02,2,11,22,35,60,23
2022-11-05,28,45,53,56,69,20
2022-11-09,7,14,24,30,56,7
2022-11-12,16,20,44,57,58,6
2022-11-14,19,35,53,54,67,21
2022-11-16,28,34,51,53,56,11
2022-11-19,7,28,62,63,64,10
2022-11-21,1,6,40,51,67,2
2022-11-23,1,2,31,39,66,25
2022-11-26,15,30,47,50,51,3
2022-11-28,29,30,32,48,50,20
2022-11-30,4,19,24,47,66,10
2022-12-03,6,13,33,36,37,7
2022-12-05,35,45,47,54,55,14
2022-12-07,6,28,44,59,61,21
2022-12-10,9,23,47,49,68,19
2022-12-12,16,31,50,55,61,9
2022-12-14,36,51,59,66,68,25
2022-12-17,33,56,64,66,68,12
2022-12-19,7,37,55,65,67,12
2022-12-21,12,15,24,34,59,14
2022-12-24,17,37,46,54,67,8
2022-12-26,17,41,47,60,61,17
2022-12-28,26,32,38,45,56,1
2022-12-31,18,37,44,50,64,11
2023-01-02,7,9,12,31,62,22
2023-01-04,12,32,56,67,68,26
2023-01-07,35,36,44,45,67,14
2023-01-09,18,43,48,60,69,14
2023-01-11,4,8,46,47,48,5
2023-01-14,24,26,39,47,57,23
2023-01-16,4,14,33,39,61,3
2023-01-18,6,15,22,42,47,26
2023-01-21,5,14,19,46,64,22
2023-01-23,12,31,47,58,60,23
2023-01-25,9,17,20,38,40,18
2023-01-28,2,18,23,27,47,15
2023-01-30,1,4,12,36,49,5
2023-02-01,31,43,58,59,66,9
2023-02-04,2,8,15,19,58,10
2023-02-06,5,11,22,23,69,7
2023-02-08,52,58,59,64,66,9
2023-02-11,10,23,30,54,65,11
2023-02-13,17,26,37,61,65,2
2023-02-15,31,32,54,60,63,12
2023-02-18,8,21,31,32,37,23
2023-02-20,3,17,26,38,54,15
2023-02-22,11,19,39,44,65,7
2023-02-25,11,24,58,66,67,26
2023-02-27,16,28,49,51,55,23
2023-03-01,2,9,28,36,53,4
2023-03-04,10,16,18,40,66,16
2023-03-06,2,13,29,58,69,4
2023-03-08,26,27,43,61,69,4
2023-03-11,11,20,33,43,58,24
2023-03-13,3,10,24,46,63,4
2023-03-15,16,18,33,37,50,8
2023-03-18,14,20,30,54,69,11
2023-03-20,1,27,32,47,67,14
2023-03-22,27,28,37,50,57,5
2023-03-25,15,17,18,47,57,19
2023-03-27,19,26,36,43,58,14
2023-03-29,4,9,24,46,66,7
2023-04-01,11,19,21,29,52,17
2023-04-03,16,30,31,54,68,1
2023-04-05,3,5,9,42,52,11
2023-04-08,11,22,24,51,60,18
2023-04-10,9,10,36,46,52,14
2023-04-12,9,36,41,44,59,4
2023-04-15,1,33,34,56,59,18
2023-04-17,23,25,35,63,64,25
2023-04-19,4,11,21,38,64,11
2023-04-22,17,36,47,63,68,25
2023-04-24,19,21,55,66,68,3
2023-04-26,2,15,30,35,49,6
2023-04-29,16,53,54,57,65,8
2023-05-01,3,38,55,61,66,1
2023-05-03,21,26,30,45,47,23
2023-05-06,31,39,47,51,53,6
2023-05-08,15,20,33,36,43,12
2023-05-10,21,24,33,55,69,3
2023-05-13,3,15,20,23,46,11
2023-05-15,1,26,28,55,58,25
2023-05-17,18,34,37,45,51,14
2023-05-20,17,23,32,38,63,23
2023-05-22,9,38,48,52,68,25
2023-05-24,12,21,44,50,58,26
2023-05-27,24,38,39,48,56,4
2023-05-29,21,33,35,62,64,24
2023-05-31,2,4,54,61,62,14
2023-06-03,15,45,64,67,68,18
2023-06-05,2,31,45,46,49,20
2023-06-07,16,21,29,53,66,2
2023-06-10,21,32,42,46,50,4
2023-06-12,2,3,16,23,68,7
2023-06-14,3,20,36,42,64,4
2023-06-17,2,12,45,61,64,26
2023-06-19,36,39,52,57,69,1
2023-06-21,5,11,33,35,63,14
2023-06-24,2,38,44,50,62,19
2023-06-26,6,28,39,43,54,12
2023-06-28,19,25,34,57,68,4
2023-07-01,4,17,35,49,61,8
2023-07-03,15,26,31,38,61,3
2023-07-05,17,24,48,62,68,23
2023-07-08,7,23,24,32,43,18
2023-07-10,2,24,34,53,58,13
2023-07-12,23,35,45,66,67,20
2023-07-15,2,9,43,55,57,18
2023-07-17,5,8,9,17,41,21
2023-07-19,7,10,11,13,24,24
2023-07-22,25,27,36,37,63,7
2023-07-24,3,4,12,28,49,25
2023-07-26,3,16,40,48,60,14
2023-07-29,10,25,27,34,38,2
2023-07-31,2,11,48,58,65,13
2023-08-02,23,24,33,51,64,5
2023-08-05,18,42,44,62,65,23
2023-08-07,6,13,20,35,54,22
2023-08-09,10,15,21,67,69,3
2023-08-12,19,21,37,50,65,26
2023-08-14,32,34,37,39,47,3
2023-08-16,9,11,17,19,55,1
2023-08-19,1,25,27,38,62,13
2023-08-21,3,4,12,22,28,16
2023-08-23,25,30,32,33,55,20
2023-08-26,20,22,26,28,63,5
2023-08-28,4,6,25,55,68,26
2023-08-30,4,13,35,61,69,4
2023-09-02,25,38,42,66,67,19
2023-09-04,1,26,32,46,51,13
2023-09-06,9,14,20,23,63,1
2023-09-09,11,19,29,63,68,25
2023-09-11,9,25,27,53,66,5
2023-09-13,22,30,37,44,45,18
2023-09-16,8,11,19,24,46,5
2023-09-18,2,21,26,40,42,9
2023-09-20,16,27,59,62,63,23
2023-09-23,1,12,20,33,66,21
2023-09-25,10,12,22,36,50,4
2023-09-27,1,7,46,47,63,7
2023-09-30,19,30,37,44,46,22
2023-10-02,12,26,27,43,47,5
2023-10-04,9,35,54,63,64,1
2023-10-07,47,54,57,60,65,19
2023-10-09,16,34,46,55,67,14
2023-10-11,22,24,40,52,64,10
2023-10-14,14,16,42,48,64,14
2023-10-16,2,27,31,44,64,18
2023-10-18,1,4,13,35,58,24
2023-10-21,6,15,24,67,68,11
2023-10-23,18,21,25,46,64,21
2023-10-25,25,27,41,53,68,2
2023-10-28,14,24,50,59,64,2
2023-10-30,19,22,34,66,69,5
2023-11-01,22,26,39,47,63,12
2023-11-04,1,28,30,34,52,6
2023-11-06,12,25,40,59,61,26
2023-11-08,14,21,33,39,62,20
2023-11-11,1,12,14,24,57,7
2023-11-13,24,33,35,37,42,21
2023-11-15,3,4,51,53,60,6
2023-11-18,34,50,51,61,67,20
2023-11-20,19,26,30,39,63,13
2023-11-22,20,24,33,39,42,21
2023-11-25,27,33,63,66,68,9
2023-11-27,2,21,38,61,66,12
2023-11-29,6,47,50,61,68,4
2023-12-02,28,35,41,47,60,3
2023-12-04,18,19,27,28,45,9
2023-12-06,2,12,37,56,65,21
2023-12-09,5,25,26,40,60,1
2023-12-11,1,24,27,31,62,20
2023-12-13,3,8,41,56,64,18
2023-12-16,3,9,10,20,62,25
2023-12-18,5,8,19,34,39,26
2023-12-20,27,35,41,56,60,16
2023-12-23,9,14,17,18,53,6
2023-12-25,5,12,20,24,29,4
2023-12-27,4,11,38,51,68,5
2023-12-30,10,11,26,27,34,7
2024-01-01,12,21,42,44,49,1
2024-01-03,30,31,38,48,68,8
2024-01-06,4,31,34,38,61,13
2024-01-08,7,17,28,40,45,2
2024-01-10,25,40,43,48,50,11
2024-01-13,13,31,33,51,58,15
2024-01-15,13,30,35,49,59,4
2024-01-17,18,22,43,61,65,2
2024-01-20,16,31,34,47,65,10
2024-01-22,24,25,43,52,63,21
2024-01-24,1,5,32,50,64,8
2024-01-27,7,38,65,66,68,21
2024-01-29,39,41,43,49,64,4
2024-01-31,15,18,19,41,43,14
2024-02-03,9,11,27,59,66,19
2024-02-05,1,2,27,30,67,9
2024-02-07,12,21,62,67,69,17
2024-02-10,27,28,34,37,44,8
2024-02-12,17,36,43,53,67,14
2024-02-14,1,4,45,47,67,18
2024-02-17,6,28,59,62,69,21
2024-02-19,4,23,45,50,53,17
2024-02-21,4,27,33,41,42,14
2024-02-24,3,8,40,53,58,3
2024-02-26,24,29,42,51,54,16
2024-02-28,16,26,29,38,50,6
2024-03-02,3,18,27,36,53,12
2024-03-04,36,42,50,52,67,26
2024-03-06,6,19,28,44,60,10
2024-03-09,30,36,49,52,63,16
2024-03-11,1,3,7,16,66,5
2024-03-13,21,29,54,59,62,4
2024-03-16,12,23,44,57,61,5
2024-03-18,10,17,20,39,44,16
2024-03-20,13,22,27,54,66,9
2024-03-23,6,23,25,34,51,3
2024-03-25,7,11,19,53,68,23
2024-03-27,37,46,57,60,66,8
2024-03-30,12,13,33,50,52,23
2024-04-01,19,24,40,42,56,23
2024-04-03,11,38,41,62,65,15
2024-04-06,22,27,44,52,69,9
2024-04-08,6,21,23,39,54,23
2024-04-10,6,7,12,24,36,15
2024-04-13,7,33,40,43,69,10
2024-04-15,7,16,41,56,61,23
2024-04-17,24,29,44,47,54,2
2024-04-20,4,35,41,44,58,25
2024-04-22,12,16,33,39,52,1
2024-04-24,2,20,22,26,47,21
2024-04-27,9,30,53,55,62,23
2024-04-29,11,38,47,67,69,14
2024-05-01,1,11,19,21,68,15
2024-05-04,14,20,23,53,69,4
2024-05-06,7,23,24,56,60,25
2024-05-08,7,41,43,44,51,5
2024-05-11,3,6,39,49,67,21
2024-05-13,5,14,29,38,66,1
2024-05-15,19,42,45,55,69,6
2024-05-18,19,36,37,42,59,19
2024-05-20,1,7,48,64,68,5
2024-05-22,5,16,18,26,67,4
2024-05-25,6,33,35,36,64,24
2024-05-27,9,30,39,49,59,21
2024-05-29,17,34,56,60,61,9
2024-06-01,28,38,52,54,68,8
2024-06-03,19,29,35,36,45,16
2024-06-05,8,44,45,51,69,12
2024-06-08,8,38,52,54,64,15
2024-06-10,3,10,33,58,59,9
2024-06-12,19,30,31,61,62,21
2024-06-15,4,36,48,54,56,2
2024-06-17,30,48,53,58,66,9
2024-06-19,4,27,44,50,64,7
2024-06-22,4,5,15,32,62,21
2024-06-24,5,6,36,53,69,8
2024-06-26,4,9,36,47,56,7
2024-06-29,26,51,54,61,69,25
2024-07-01,5,9,32,39,55,9
2024-07-03,2,26,33,55,57,22
2024-07-06,5,32,35,39,49,21
2024-07-08,20,22,31,33,45,1
2024-07-10,7,11,12,27,46,26
2024-07-13,9,55,59,66,69,21
2024-07-15,9,31,39,40,45,23
2024-07-17,24,27,32,47,66,26
2024-07-20,18,25,31,40,57,4
2024-07-22,31,36,56,58,69,20
2024-07-24,16,42,59,63,68,13
2024-07-27,3,31,37,40,64,17
2024-07-29,11,27,30,33,44,16
2024-07-31,23,34,37,50,58,7
2024-08-03,13,33,40,60,61,20
2024-08-05,29,42,44,51,54,12
2024-08-07,6,19,35,47,57,9
2024-08-10,9,24,33,64,69,9
2024-08-12,9,22,57,67,68,14
2024-08-14,8,9,23,29,62,13
2024-08-17,12,31,43,45,46,22
2024-08-19,1,2,15,23,28,10
2024-08-21,27,31,33,38,67,3
2024-08-24,5,15,21,24,43,17
2024-08-26,2,4,23,68,69,15
2024-08-28,5,33,47,50,64,20
2024-08-31,4,34,35,38,69,19
2024-09-02,8,42,46,48,53,22
2024-09-04,7,10,21,33,59,20
2024-09-07,14,34,37,55,63,20
2024-09-09,1,16,21,47,60,5
2024-09-11,10,12,55,65,67,3
2024-09-14,29,34,38,48,56,16
2024-09-16,8,9,11,27,31,17
2024-09-18,1,11,22,47,68,7
2024-09-21,17,19,21,37,45,14
2024-09-23,15,21,25,37,45,19
2024-09-25,2,26,45,46,52,21
2024-09-28,3,11,13,24,39,22
2024-09-30,9,11,30,43,69,20
2024-10-02,1,2,21,37,43,21
2024-10-05,2,12,46,52,65,3
2024-10-07,18,30,31,52,63,22
2024-10-09,25,32,43,53,66,10
2024-10-12,5,14,20,41,57,6
2024-10-14,14,18,33,64,67,14
2024-10-16,4,30,39,44,60,11
2024-10-19,7,16,19,45,64,25
2024-10-21,1,25,57,62,64,15
2024-10-23,2,15,27,29,39,20
2024-10-26,8,12,40,45,51,15
2024-10-28,21,27,32,48,67,17
2024-10-30,13,22,29,43,58,22
2024-11-02,10,45,48,58,61,2
2024-11-04,6,18,33,48,53,21
2024-11-06,12,17,37,58,62,4
2024-11-09,11,24,50,56,66,16
2024-11-11,3,21,24,34,46,9
2024-11-13,9,20,26,43,58,9
2024-11-16,21,22,25,32,38,16
2024-11-18,27,31,41,52,69,26
2024-11-20,16,30,60,62,64,25
2024-11-23,12,13,34,44,67,8
2024-11-25,5,35,45,60,63,12
2024-11-27,1,6,7,13,40,5
2024-11-30,4,24,29,39,63,25
2024-12-02,3,9,26,61,67,13
2024-12-04,1,23,25,28,61,13
2024-12-07,1,31,43,55,57,22
2024-12-09,35,37,40,45,51,24
2024-12-11,13,44,50,52,54,20
2024-12-14,12,17,23,52,67,1
2024-12-16,9,30,33,57,61,17
2024-12-18,6,15,18,33,49,7
2024-12-21,1,12,17,21,58,1
2024-12-23,22,42,44,57,64,18
2024-12-25,15,26,27,30,35,3
2024-12-28,6,31,51,54,55,12
2024-12-30,9,19,33,38,39,1
2025-01-01,6,12,28,35,66,26
2025-01-04,26,32,43,54,56,24
2025-01-06,17,34,46,66,67,14
2025-01-08,1,20,36,38,43,24
2025-01-11,3,6,32,37,65,4
2025-01-13,4,6,16,39,66,9
2025-01-15,8,41,52,53,58,7
2025-01-18,14,31,35,64,69,23
2025-01-20,15,16,32,47,54,6
2025-01-22,5,6,27,40,49,5
2025-01-25,8,15,17,53,66,14
2025-01-27,2,40,47,53,55,20
2025-01-29,8,12,31,33,38,18
2025-02-01,23,29,32,49,61,8
2025-02-03,12,37,47,54,60,17
2025-02-05,19,27,30,50,62,14
2025-02-08,23,44,57,60,62,9
2025-02-10,2,17,18,29,43,3
2025-02-12,21,32,36,45,49,18
2025-02-15,3,16,45,54,56,12
2025-02-17,4,44,47,52,57,9
2025-02-19,6,21,28,49,60,20
2025-02-22,7,18,22,50,65,15
2025-02-24,10,11,34,59,68,14
2025-02-26,28,48,55,60,62,20
2025-03-01,2,23,36,44,49,25
2025-03-03,18,20,50,52,56,20
2025-03-05,24,28,40,63,65,20
2025-03-08,2,4,16,23,63,13
2025-03-10,17,40,47,50,55,6
2025-03-12,11,13,28,51,58,1
2025-03-15,12,28,33,36,54,5
2025-03-17,11,18,23,38,60,9
2025-03-19,8,11,21,49,59,15
2025-03-22,6,7,25,46,57,12
2025-03-24,6,23,35,36,47,12
2025-03-26,5,20,29,39,53,6
2025-03-29,7,11,21,53,61,2
2025-03-31,12,41,44,52,64,25
2025-04-02,5,17,41,64,69,1
2025-04-05,4,23,30,46,62,2
2025-04-07,20,23,48,59,66,4
2025-04-09,4,29,37,55,67,10
2025-04-12,16,22,44,45,53,19
2025-04-14,3,20,30,52,62,1
2025-04-16,20,24,42,43,49,19
2025-04-19,7,25,37,39,63,1
2025-04-21,4,33,45,46,51,25
2025-04-23,15,44,63,66,69,20
2025-04-26,1,12,14,18,69,2
2025-04-28,26,43,51,56,60,24
2025-04-30,1,2,3,57,59,9
2025-05-03,10,21,23,35,65,24
2025-05-05,16,34,40,45,66,19
2025-05-07,14,15,30,40,59,20
2025-05-10,5,20,28,39,42,13
2025-05-12,15,16,41,48,60,21
2025-05-14,4,10,24,29,53,4
2025-05-17,7,34,40,42,52,15
2025-05-19,13,14,37,50,60,11
2025-05-21,9,29,31,34,43,2
2025-05-24,12,18,28,48,52,5
2025-05-26,13,47,52,64,67,25
2025-05-28,23,27,32,35,59,11
2025-05-31,1,29,37,56,68,13
2025-06-02,1,7,44,57,61,21
2025-06-04,5,17,23,35,45,24
2025-06-07,31,36,43,48,62,25
2025-06-09,30,33,40,43,52,25
2025-06-11,13,25,29,37,53,3
2025-06-14,4,6,9,23,59,25
2025-06-16,17,21,23,27,52,19
2025-06-18,23,29,50,64,67,11
2025-06-21,3,16,32,52,62,24
2025-06-23,5,25,42,44,65,20
2025-06-25,2,12,37,51,61,22
2025-06-28,4,35,43,52,62,12
2025-06-30,13,28,44,52,55,6
2025-07-02,7,19,21,54,63,21
2025-07-05,1,28,34,50,58,8
2025-07-07,33,35,58,61,69,25
2025-07-09,5,9,25,28,69,5
2025-07-12,8,16,24,33,54,18
2025-07-14,8,12,45,46,63,24
2025-07-16,4,21,43,48,49,22
2025-07-19,28,48,51,61,69,20
2025-07-21,8,11,28,33,42,2
2025-07-23,2,18,19,25,35,25
2025-07-26,8,31,57,65,67,23
2025-07-28,7,35,36,43,62,3
2025-07-30,4,15,35,50,64,8
2025-08-02,6,18,34,35,36,2
2025-08-04,8,9,19,31,38,21
2025-08-06,15,27,43,45,53,9
2025-08-09,7,14,23,24,60,14
2025-08-11,6,16,33,40,62,2
2025-08-13,4,11,40,44,50,4
2025-08-16,23,40,49,65,69,23
2025-08-18,15,46,61,63,64,1
2025-08-20,31,59,62,65,68,5
2025-08-23,11,14,34,47,51,18
2025-08-25,16,19,34,37,64,22
2025-08-27,9,12,22,41,61,25
2025-08-30,3,18,22,27,33,17
2025-09-01,8,23,25,40,53,5
2025-09-03,3,16,29,61,69,22
2025-09-06,11,23,44,61,62,17
2025-09-08,26,28,41,53,64,9
2025-09-10,2,24,45,53,64,5
2025-09-13,28,37,42,50,53,19
2025-09-15,14,15,32,42,49,1
2025-09-17,7,30,50,54,62,20
2025-09-20,15,29,64,66,67,4
2025-09-22,3,29,42,46,59,15
2025-09-24,15,31,45,49,53,19
2025-09-27,10,16,32,61,66,4
2025-09-29,1,3,27,60,65,16
2025-10-01,8,17,22,28,55,14
2025-10-04,3,7,47,67,68,2
2025-10-06,28,29,32,66,67,3
2025-10-08,8,10,44,48,54,14
2025-10-11,13,16,18,20,27,10
2025-10-13,13,14,32,52,64,12
2025-10-15,10,13,28,34,47,15
2025-10-18,3,11,27,40,58,10
2025-10-20,32,38,66,67,69,19
2025-10-22,18,37,52,54,60,12
2025-10-25,2,12,22,39,67,15
2025-10-27,17,39,43,51,66,20
2025-10-29,4,24,49,60,65,1
2025-11-01,2,26,43,44,62,22
2025-11-03,3,32,40,43,57,18
2025-11-05,9,17,29,61,66,26
2025-11-08,3,53,60,62,68,11
2025-11-10,6,28,44,48,58,23
2025-11-12,29,39,43,51,65,23
2025-11-15,6,7,12,47,53,21
2025-11-17,7,33,50,57,66,23
2025-11-19,10,31,49,51,68,19
2025-11-22,28,32,36,51,69,2
2025-11-24,8,16,26,30,58,14
2025-11-26,7,8,15,19,28,3
2025-11-29,19,22,30,32,59,1
2025-12-01,5,18,26,47,59,1
2025-12-03,1,14,20,46,51,26
2025-12-06,13,14,26,28,44,7
2025-12-08,8,32,52,56,64,23
2025-12-10,10,16,29,33,69,22
2025-12-13,1,28,31,57,58,16
2025-12-15,23,35,59,63,68,2
2025-12-17,25,33,53,62,66,17
2025-12-20,4,5,28,52,69,20
2025-12-22,3,18,36,41,54,7
2025-12-24,4,25,31,52,59,19
2025-12-27,5,20,34,39,62,1
2025-12-29,11,19,34,48,53,21
2025-12-31,11,18,21,24,38,26
2026-01-03,18,21,40,53,60,23
2026-01-05,4,18,24,51,56,14
2026-01-07,15,28,57,58,63,23
2026-01-10,5,19,21,28,64,14
2026-01-12,5,27,45,56,59,4
2026-01-14,6,24,39,43,51,2
2026-01-17,5,8,27,49,57,14
2026-01-19,5,28,34,37,55,17
2026-01-21,11,26,27,53,55,12
2026-01-24,2,16,35,61,63,5
2026-01-26,21,31,51,60,63,18
2026-01-28,21,35,40,46,68,11
2026-01-31,2,8,14,40,63,23
2026-02-02,3,8,31,60,65,4
2026-02-04,27,29,30,37,58,15
2026-02-07,25,36,42,51,58,6
2026-02-09,6,19,22,28,48,24
2026-02-11,6,20,33,40,48,5
2026-02-14,23,43,58,60,64,24
2026-02-16,16,18,19,56,58,6
2026-02-18,9,33,52,64,66,1
2026-02-21,27,28,36,48,49,21
2026-02-23,5,11,23,29,47,6
2026-02-25,50,52,54,56,64,23
2026-02-28,6,20,35,54,65,10
2026-03-02,2,17,18,38,62,20
2026-03-04,7,14,42,47,56,6
2026-03-07,17,18,30,50,68,24
2026-03-09,22,23,28,36,54,13
2026-03-11,3,6,55,58,63,12
2026-03-14,9,30,42,50,52,21
2026-03-16,7,10,20,47,52,20
2026-03-18,14,18,19,21,69,1
2026-03-21,12,28,36,41,59,2
2026-03-23,12,18,47,56,63,1
2026-03-25,7,21,55,56,64,26
2026-03-28,11,42,43,59,61,25
2026-03-30,7,11,31,41,57,20
2026-04-01,4,10,11,52,64,24
2026-04-04,3,6,13,41,65,1
2026-04-06,7,24,37,42,57,5
2026-04-08,3,16,17,42,52,3
2026-04-11,6,47,49,53,60,6
2026-04-13,38,43,59,63,64,15
2026-04-15,13,21,27,43,45,26
2026-04-18,24,25,39,46,61,1
2026-04-20,9,17,36,47,64,26
2026-04-22,24,29,32,49,63,11
2026-04-25,4,30,36,52,57,2
2026-04-27,18,31,33,36,62,3
2026-04-29,3,19,35,51,67,15
2026-05-02,25,37,42,52,65,14
2026-05-04,30,36,42,60,63,13
2026-05-06,18,27,51,65,68,5
2026-05-09,15,41,46,47,56,22
2026-05-11,24,30,37,56,64,7
2026-05-13,22,31,52,56,67,15
2026-05-16,8,37,40,44,65,18
2026-05-18,4,13,34,61,65,12
2026-05-20,10,28,30,46,57,25
2026-05-23,4,16,41,48,66,26
2026-05-25,17,32,48,60,64,10
2026-05-27,5,14,21,31,51,13
2026-05-30,1,27,35,44,52,12
2026-06-01,2,42,47,57,58,14
2026-06-03,14,16,38,55,64,12
2026-06-06,16,32,55,59,64,3
2026-06-08,3,24,34,43,49,20
2026-06-10,12,31,38,60,66,14
2026-06-13,3,13,44,50,53,2
2026-06-15,25,55,57,60,62,23
2026-06-17,3,26,49,53,61,12
2026-06-20,16,20,44,48,50,15
2026-06-22,17,19,21,45,48,13
2026-06-24,13,14,16,21,38,14
2026-06-27,3,16,28,30,59,11
2026-06-29,10,14,41,53,59,3
2026-07-01,2,6,26,39,68,6
2026-07-04,17,38,46,50,69,20
2026-07-06,17,44,63,66,67,4
2026-07-08,12,29,37,43,55,18
2026-07-11,8,10,14,45,59,5
2026-07-13,5,25,36,40,48,3
2026-07-15,2,7,18,29,38,16
